variant,run,accepted,errors,server_seconds,accepts_per_second,completed,failed,client_seconds,connects_per_second
patched,1,500000,0,19.428,25736,500000,0,18.534,26977
upstream,1,500000,0,19.054,26242,500000,0,18.068,27674
upstream,2,500000,0,19.211,26026,500000,0,18.236,27418
patched,2,500000,0,21.166,23623,500000,0,20.123,24847
patched,3,500000,0,18.884,26477,500000,0,17.985,27802
upstream,3,500000,0,19.489,25656,500000,0,18.819,26569
upstream,4,500000,0,19.408,25763,500000,0,18.701,26736
patched,4,500000,0,20.015,24982,500000,0,19.005,26309
patched,5,500000,0,19.454,25702,500000,0,18.498,27029
upstream,5,500000,0,19.834,25209,500000,0,18.894,26464
upstream,6,500000,0,19.119,26152,500000,0,18.226,27434
patched,6,500000,0,19.457,25698,500000,0,18.520,26998
patched,7,500000,0,19.335,25860,500000,0,18.331,27276
upstream,7,500000,0,18.775,26631,500000,0,18.039,27718
upstream,8,500000,0,21.134,23658,500000,0,20.376,24539
patched,8,500000,0,19.433,25730,500000,0,18.359,27235
patched,9,500000,0,19.770,25291,500000,0,18.424,27139
upstream,9,500000,0,21.005,23804,500000,0,19.593,25519
