variant,run,accepted,errors,server_seconds,accepts_per_second,completed,failed,client_seconds,connects_per_second
upstream,1,500000,0,18.532561,26979.54,500000,0,18.329151,27278.95
patched,1,500000,0,19.578280,25538.50,500000,0,19.382698,25796.20
upstream,2,500000,0,19.952765,25059.18,500000,0,19.758385,25305.71
patched,2,500000,0,19.034629,26267.91,500000,0,18.838673,26541.15
upstream,3,500000,0,19.087984,26194.49,500000,0,18.893151,26464.62
patched,3,500000,0,18.846663,26529.90,500000,0,18.652543,26806.00
upstream,4,500000,0,18.311719,27304.92,500000,0,18.117120,27598.21
patched,4,500000,0,19.878996,25152.18,500000,0,19.684295,25400.96
upstream,5,500000,0,20.227129,24719.28,500000,0,20.031461,24960.73
patched,5,500000,0,19.152636,26106.07,500000,0,18.957899,26374.23
upstream,6,500000,0,18.576292,26916.03,500000,0,18.381234,27201.66
patched,6,500000,0,19.170826,26081.30,500000,0,18.976486,26348.40
upstream,7,500000,0,19.525865,25607.06,500000,0,19.329303,25867.46
patched,7,500000,0,18.778240,26626.56,500000,0,18.583189,26906.04
upstream,8,500000,0,19.293939,25914.87,500000,0,19.098452,26180.13
patched,8,500000,0,18.917220,26430.94,500000,0,18.722546,26705.77
upstream,9,500000,0,19.444922,25713.65,500000,0,19.250244,25973.70
patched,9,500000,0,19.372249,25810.12,500000,0,19.177848,26071.75
upstream,10,500000,0,18.993411,26324.92,500000,0,18.798111,26598.42
patched,10,500000,0,18.738172,26683.50,500000,0,18.542568,26964.98
upstream,11,500000,0,19.124917,26143.90,500000,0,18.929841,26413.32
patched,11,500000,0,19.620843,25483.11,500000,0,19.424453,25740.75
upstream,12,500000,0,19.499057,25642.27,500000,0,19.304523,25900.67
patched,12,500000,0,19.206519,26032.83,500000,0,19.011277,26300.18
upstream,13,500000,0,19.868018,25166.07,500000,0,19.672083,25416.73
patched,13,500000,0,18.762094,26649.48,500000,0,18.566915,26929.62
upstream,14,500000,0,19.691227,25392.02,500000,0,19.495783,25646.57
patched,14,500000,0,19.546530,25579.99,500000,0,19.352391,25836.60
upstream,15,500000,0,19.111321,26162.50,500000,0,18.916440,26432.03
patched,15,500000,0,19.134707,26130.53,500000,0,18.939882,26399.32
upstream,16,500000,0,18.742053,26677.97,500000,0,18.547126,26958.35
patched,16,500000,0,18.569747,26925.51,500000,0,18.374645,27211.41
upstream,17,500000,0,18.427541,27133.30,500000,0,18.231379,27425.24
patched,17,500000,0,19.675063,25412.88,500000,0,19.479535,25667.96
upstream,18,500000,0,20.112420,24860.26,500000,0,19.917277,25103.83
patched,18,500000,0,19.108271,26166.68,500000,0,18.913190,26436.58
upstream,19,500000,0,20.091231,24886.48,500000,0,19.896625,25129.89
patched,19,500000,0,19.300566,25905.98,500000,0,19.105734,26170.15
upstream,20,500000,0,18.167861,27521.13,500000,0,17.971559,27821.74
patched,20,500000,0,18.754412,26660.39,500000,0,18.559031,26941.06
upstream,21,500000,0,19.341845,25850.69,500000,0,19.146335,26114.66
patched,21,500000,0,18.208713,27459.38,500000,0,18.014017,27756.16
upstream,22,500000,0,18.133684,27573.00,500000,0,17.937651,27874.33
patched,22,500000,0,19.353062,25835.71,500000,0,19.157754,26099.09
upstream,23,500000,0,18.583890,26905.02,500000,0,18.389493,27189.44
patched,23,500000,0,17.901363,27930.83,500000,0,17.705305,28240.12
upstream,24,500000,0,19.534768,25595.39,500000,0,19.339659,25853.61
patched,24,500000,0,18.460641,27084.65,500000,0,18.265505,27374.00
upstream,25,500000,0,19.990203,25012.25,500000,0,19.795214,25258.63
patched,25,500000,0,19.790108,25265.15,500000,0,19.594962,25516.76
upstream,26,500000,0,21.483831,23273.32,500000,0,21.289656,23485.58
patched,26,500000,0,19.213014,26024.03,500000,0,19.017370,26291.75
upstream,27,500000,0,20.084886,24894.34,500000,0,19.889837,25138.47
patched,27,500000,0,19.721505,25353.04,500000,0,19.524043,25609.45
upstream,28,500000,0,20.754101,24091.62,500000,0,20.558199,24321.20
patched,28,500000,0,20.133504,24834.23,500000,0,19.938450,25077.18
upstream,29,500000,0,19.227595,26004.29,500000,0,19.032385,26271.01
patched,29,500000,0,19.787654,25268.28,500000,0,19.592054,25520.55
upstream,30,500000,0,21.424503,23337.76,500000,0,21.230032,23551.54
patched,30,500000,0,18.629042,26839.81,500000,0,18.433698,27124.24
